entidade;ano_orcamentario;natureza;qtd_pendentes
UNICAMP - UNIVERSIDADE ESTADUAL DE CAMPINAS;2026;ALIMENTARES;48
UNICAMP - UNIVERSIDADE ESTADUAL DE CAMPINAS;2026;OUTRAS ESPECIES;8
USP - UNIVERSIDADE DE SÃO PAULO;2024;ALIMENTARES;1
USP - UNIVERSIDADE DE SÃO PAULO;2025;ALIMENTARES;5
USP - UNIVERSIDADE DE SÃO PAULO;2026;ALIMENTARES;60
USP - UNIVERSIDADE DE SÃO PAULO;2026;OUTRAS ESPECIES;3
CAMPREV - INSTITUTO DE PREVID. SOCIAL DO MUNIC. DE CAMPINAS;2025;ALIMENTARES;30
CAMPREV - INSTITUTO DE PREVID. SOCIAL DO MUNIC. DE CAMPINAS;2026;ALIMENTARES;24
DAEA - DEPARTAMENTO DE ÁGUA E ESGOTO DE ARAÇATUBA;2018;ALIMENTARES;1
DAEA - DEPARTAMENTO DE ÁGUA E ESGOTO DE ARAÇATUBA;2018;OUTRAS ESPECIES;7
DAEA - DEPARTAMENTO DE ÁGUA E ESGOTO DE ARAÇATUBA;2019;ALIMENTARES;14
DAEA - DEPARTAMENTO DE ÁGUA E ESGOTO DE ARAÇATUBA;2019;OUTRAS ESPECIES;6
DAEA - DEPARTAMENTO DE ÁGUA E ESGOTO DE ARAÇATUBA;2020;ALIMENTARES;25
DAEA - DEPARTAMENTO DE ÁGUA E ESGOTO DE ARAÇATUBA;2020;OUTRAS ESPECIES;4
DAEA - DEPARTAMENTO DE ÁGUA E ESGOTO DE ARAÇATUBA;2021;ALIMENTARES;17
DAEA - DEPARTAMENTO DE ÁGUA E ESGOTO DE ARAÇATUBA;2021;OUTRAS ESPECIES;1
DAEA - DEPARTAMENTO DE ÁGUA E ESGOTO DE ARAÇATUBA;2022;ALIMENTARES;30
DAEA - DEPARTAMENTO DE ÁGUA E ESGOTO DE ARAÇATUBA;2022;OUTRAS ESPECIES;2
DAEA - DEPARTAMENTO DE ÁGUA E ESGOTO DE ARAÇATUBA;2023;ALIMENTARES;13
DAEA - DEPARTAMENTO DE ÁGUA E ESGOTO DE ARAÇATUBA;2024;ALIMENTARES;2
DAEA - DEPARTAMENTO DE ÁGUA E ESGOTO DE ARAÇATUBA;2024;OUTRAS ESPECIES;1
DAEA - DEPARTAMENTO DE ÁGUA E ESGOTO DE ARAÇATUBA;2025;ALIMENTARES;8
DAEA - DEPARTAMENTO DE ÁGUA E ESGOTO DE ARAÇATUBA;2025;OUTRAS ESPECIES;7
DAEA - DEPARTAMENTO DE ÁGUA E ESGOTO DE ARAÇATUBA;2026;ALIMENTARES;2
INSTITUTO DE PREVIDÊNCIA MUNICIPAL DE MOGI DAS CRUZES;2023;ALIMENTARES;1
INSTITUTO DE PREVIDÊNCIA MUNICIPAL DE MOGI DAS CRUZES;2024;ALIMENTARES;1
INSTITUTO DE PREVIDÊNCIA MUNICIPAL DE MOGI DAS CRUZES;2025;ALIMENTARES;3
INSTITUTO DE PREVIDÊNCIA MUNICIPAL DE MOGI DAS CRUZES;2026;ALIMENTARES;3
FAZENDA DO ESTADO DE SÃO PAULO, AUTARQUIAS, FUNDAÇÕES E UNIVERSIDADES;2018;ALIMENTARES;2318
FAZENDA DO ESTADO DE SÃO PAULO, AUTARQUIAS, FUNDAÇÕES E UNIVERSIDADES;2018;OUTRAS ESPECIES;273
FAZENDA DO ESTADO DE SÃO PAULO, AUTARQUIAS, FUNDAÇÕES E UNIVERSIDADES;2019;ALIMENTARES;3127
FAZENDA DO ESTADO DE SÃO PAULO, AUTARQUIAS, FUNDAÇÕES E UNIVERSIDADES;2019;OUTRAS ESPECIES;294
FAZENDA DO ESTADO DE SÃO PAULO, AUTARQUIAS, FUNDAÇÕES E UNIVERSIDADES;2020;ALIMENTARES;14348
FAZENDA DO ESTADO DE SÃO PAULO, AUTARQUIAS, FUNDAÇÕES E UNIVERSIDADES;2020;OUTRAS ESPECIES;477
FAZENDA DO ESTADO DE SÃO PAULO, AUTARQUIAS, FUNDAÇÕES E UNIVERSIDADES;2021;ALIMENTARES;15004
FAZENDA DO ESTADO DE SÃO PAULO, AUTARQUIAS, FUNDAÇÕES E UNIVERSIDADES;2021;OUTRAS ESPECIES;715
FAZENDA DO ESTADO DE SÃO PAULO, AUTARQUIAS, FUNDAÇÕES E UNIVERSIDADES;2022;ALIMENTARES;23849
FAZENDA DO ESTADO DE SÃO PAULO, AUTARQUIAS, FUNDAÇÕES E UNIVERSIDADES;2022;OUTRAS ESPECIES;1422
FAZENDA DO ESTADO DE SÃO PAULO, AUTARQUIAS, FUNDAÇÕES E UNIVERSIDADES;2023;ALIMENTARES;20579
FAZENDA DO ESTADO DE SÃO PAULO, AUTARQUIAS, FUNDAÇÕES E UNIVERSIDADES;2023;OUTRAS ESPECIES;1021
FAZENDA DO ESTADO DE SÃO PAULO, AUTARQUIAS, FUNDAÇÕES E UNIVERSIDADES;2024;ALIMENTARES;28435
FAZENDA DO ESTADO DE SÃO PAULO, AUTARQUIAS, FUNDAÇÕES E UNIVERSIDADES;2024;OUTRAS ESPECIES;1500
FAZENDA DO ESTADO DE SÃO PAULO, AUTARQUIAS, FUNDAÇÕES E UNIVERSIDADES;2025;ALIMENTARES;32339
FAZENDA DO ESTADO DE SÃO PAULO, AUTARQUIAS, FUNDAÇÕES E UNIVERSIDADES;2025;OUTRAS ESPECIES;1921
FAZENDA DO ESTADO DE SÃO PAULO, AUTARQUIAS, FUNDAÇÕES E UNIVERSIDADES;2026;ALIMENTARES;44862
FAZENDA DO ESTADO DE SÃO PAULO, AUTARQUIAS, FUNDAÇÕES E UNIVERSIDADES;2026;OUTRAS ESPECIES;1616
MUNICÍPIO DE ARUJÁ;2020;OUTRAS ESPECIES;1
MUNICÍPIO DE ARUJÁ;2025;OUTRAS ESPECIES;5
MUNICÍPIO DE ARUJÁ;2026;ALIMENTARES;6
MUNICÍPIO DE ARUJÁ;2026;OUTRAS ESPECIES;8
MUNICÍPIO DE BRAGANÇA PAULISTA;2024;ALIMENTARES;3
MUNICÍPIO DE BRAGANÇA PAULISTA;2024;OUTRAS ESPECIES;4
MUNICÍPIO DE BRAGANÇA PAULISTA;2025;ALIMENTARES;12
MUNICÍPIO DE BRAGANÇA PAULISTA;2025;OUTRAS ESPECIES;16
MUNICÍPIO DE BRAGANÇA PAULISTA;2026;ALIMENTARES;11
MUNICÍPIO DE BRAGANÇA PAULISTA;2026;OUTRAS ESPECIES;14
MUNICÍPIO DE GUARULHOS E AUTARQUIAS;2018;ALIMENTARES;2
MUNICÍPIO DE GUARULHOS E AUTARQUIAS;2018;OUTRAS ESPECIES;29
MUNICÍPIO DE GUARULHOS E AUTARQUIAS;2019;ALIMENTARES;11
MUNICÍPIO DE GUARULHOS E AUTARQUIAS;2019;OUTRAS ESPECIES;30
MUNICÍPIO DE GUARULHOS E AUTARQUIAS;2020;ALIMENTARES;19
MUNICÍPIO DE GUARULHOS E AUTARQUIAS;2020;OUTRAS ESPECIES;49
MUNICÍPIO DE GUARULHOS E AUTARQUIAS;2021;ALIMENTARES;23
MUNICÍPIO DE GUARULHOS E AUTARQUIAS;2021;OUTRAS ESPECIES;79
MUNICÍPIO DE GUARULHOS E AUTARQUIAS;2022;ALIMENTARES;43
MUNICÍPIO DE GUARULHOS E AUTARQUIAS;2022;OUTRAS ESPECIES;115
MUNICÍPIO DE GUARULHOS E AUTARQUIAS;2023;ALIMENTARES;37
MUNICÍPIO DE GUARULHOS E AUTARQUIAS;2023;OUTRAS ESPECIES;55
MUNICÍPIO DE GUARULHOS E AUTARQUIAS;2024;ALIMENTARES;45
MUNICÍPIO DE GUARULHOS E AUTARQUIAS;2024;OUTRAS ESPECIES;77
MUNICÍPIO DE GUARULHOS E AUTARQUIAS;2025;ALIMENTARES;119
MUNICÍPIO DE GUARULHOS E AUTARQUIAS;2025;OUTRAS ESPECIES;74
MUNICÍPIO DE GUARULHOS E AUTARQUIAS;2026;ALIMENTARES;34
MUNICÍPIO DE GUARULHOS E AUTARQUIAS;2026;OUTRAS ESPECIES;35
MUNICÍPIO DE SANTO ANDRÉ, FUNDAÇÕES E AUTARQUIAS;2018;ALIMENTARES;28
MUNICÍPIO DE SANTO ANDRÉ, FUNDAÇÕES E AUTARQUIAS;2018;OUTRAS ESPECIES;60
MUNICÍPIO DE SANTO ANDRÉ, FUNDAÇÕES E AUTARQUIAS;2019;ALIMENTARES;31
MUNICÍPIO DE SANTO ANDRÉ, FUNDAÇÕES E AUTARQUIAS;2019;OUTRAS ESPECIES;45
MUNICÍPIO DE SANTO ANDRÉ, FUNDAÇÕES E AUTARQUIAS;2020;ALIMENTARES;32
MUNICÍPIO DE SANTO ANDRÉ, FUNDAÇÕES E AUTARQUIAS;2020;OUTRAS ESPECIES;65
MUNICÍPIO DE SANTO ANDRÉ, FUNDAÇÕES E AUTARQUIAS;2021;ALIMENTARES;44
MUNICÍPIO DE SANTO ANDRÉ, FUNDAÇÕES E AUTARQUIAS;2021;OUTRAS ESPECIES;71
MUNICÍPIO DE SANTO ANDRÉ, FUNDAÇÕES E AUTARQUIAS;2022;ALIMENTARES;44
MUNICÍPIO DE SANTO ANDRÉ, FUNDAÇÕES E AUTARQUIAS;2022;OUTRAS ESPECIES;38
MUNICÍPIO DE SANTO ANDRÉ, FUNDAÇÕES E AUTARQUIAS;2023;ALIMENTARES;18
MUNICÍPIO DE SANTO ANDRÉ, FUNDAÇÕES E AUTARQUIAS;2023;OUTRAS ESPECIES;27
MUNICÍPIO DE SANTO ANDRÉ, FUNDAÇÕES E AUTARQUIAS;2024;ALIMENTARES;48
MUNICÍPIO DE SANTO ANDRÉ, FUNDAÇÕES E AUTARQUIAS;2024;OUTRAS ESPECIES;47
MUNICÍPIO DE SANTO ANDRÉ, FUNDAÇÕES E AUTARQUIAS;2025;ALIMENTARES;63
MUNICÍPIO DE SANTO ANDRÉ, FUNDAÇÕES E AUTARQUIAS;2025;OUTRAS ESPECIES;39
MUNICÍPIO DE SANTO ANDRÉ, FUNDAÇÕES E AUTARQUIAS;2026;ALIMENTARES;35
MUNICÍPIO DE SANTO ANDRÉ, FUNDAÇÕES E AUTARQUIAS;2026;OUTRAS ESPECIES;27
MUNICÍPIO DE SÃO VICENTE E AUTARQUIAS;2018;ALIMENTARES;1
MUNICÍPIO DE SÃO VICENTE E AUTARQUIAS;2019;OUTRAS ESPECIES;10
MUNICÍPIO DE SÃO VICENTE E AUTARQUIAS;2020;ALIMENTARES;34
MUNICÍPIO DE SÃO VICENTE E AUTARQUIAS;2020;OUTRAS ESPECIES;37
MUNICÍPIO DE SÃO VICENTE E AUTARQUIAS;2021;ALIMENTARES;97
MUNICÍPIO DE SÃO VICENTE E AUTARQUIAS;2021;OUTRAS ESPECIES;25
MUNICÍPIO DE SÃO VICENTE E AUTARQUIAS;2022;ALIMENTARES;89
MUNICÍPIO DE SÃO VICENTE E AUTARQUIAS;2022;OUTRAS ESPECIES;74
MUNICÍPIO DE SÃO VICENTE E AUTARQUIAS;2023;ALIMENTARES;53
MUNICÍPIO DE SÃO VICENTE E AUTARQUIAS;2023;OUTRAS ESPECIES;46
MUNICÍPIO DE SÃO VICENTE E AUTARQUIAS;2024;ALIMENTARES;52
MUNICÍPIO DE SÃO VICENTE E AUTARQUIAS;2024;OUTRAS ESPECIES;47
MUNICÍPIO DE SÃO VICENTE E AUTARQUIAS;2025;ALIMENTARES;71
MUNICÍPIO DE SÃO VICENTE E AUTARQUIAS;2025;OUTRAS ESPECIES;41
MUNICÍPIO DE SÃO VICENTE E AUTARQUIAS;2026;ALIMENTARES;21
MUNICÍPIO DE SÃO VICENTE E AUTARQUIAS;2026;OUTRAS ESPECIES;26
MUNICÍPIO DE SÃO PAULO, AUTARQUIAS E FUNDAÇÕES;2018;ALIMENTARES;541
MUNICÍPIO DE SÃO PAULO, AUTARQUIAS E FUNDAÇÕES;2018;OUTRAS ESPECIES;109
MUNICÍPIO DE SÃO PAULO, AUTARQUIAS E FUNDAÇÕES;2019;ALIMENTARES;809
MUNICÍPIO DE SÃO PAULO, AUTARQUIAS E FUNDAÇÕES;2019;OUTRAS ESPECIES;98
MUNICÍPIO DE SÃO PAULO, AUTARQUIAS E FUNDAÇÕES;2020;ALIMENTARES;4061
MUNICÍPIO DE SÃO PAULO, AUTARQUIAS E FUNDAÇÕES;2020;OUTRAS ESPECIES;182
MUNICÍPIO DE SÃO PAULO, AUTARQUIAS E FUNDAÇÕES;2021;ALIMENTARES;4215
MUNICÍPIO DE SÃO PAULO, AUTARQUIAS E FUNDAÇÕES;2021;OUTRAS ESPECIES;219
MUNICÍPIO DE SÃO PAULO, AUTARQUIAS E FUNDAÇÕES;2022;ALIMENTARES;4715
MUNICÍPIO DE SÃO PAULO, AUTARQUIAS E FUNDAÇÕES;2022;OUTRAS ESPECIES;316
MUNICÍPIO DE SÃO PAULO, AUTARQUIAS E FUNDAÇÕES;2023;ALIMENTARES;4026
MUNICÍPIO DE SÃO PAULO, AUTARQUIAS E FUNDAÇÕES;2023;OUTRAS ESPECIES;240
MUNICÍPIO DE SÃO PAULO, AUTARQUIAS E FUNDAÇÕES;2024;ALIMENTARES;10276
MUNICÍPIO DE SÃO PAULO, AUTARQUIAS E FUNDAÇÕES;2024;OUTRAS ESPECIES;345
MUNICÍPIO DE SÃO PAULO, AUTARQUIAS E FUNDAÇÕES;2025;ALIMENTARES;18775
MUNICÍPIO DE SÃO PAULO, AUTARQUIAS E FUNDAÇÕES;2025;OUTRAS ESPECIES;566
MUNICÍPIO DE SÃO PAULO, AUTARQUIAS E FUNDAÇÕES;2026;ALIMENTARES;16887
MUNICÍPIO DE SÃO PAULO, AUTARQUIAS E FUNDAÇÕES;2026;OUTRAS ESPECIES;498