entidade;ano_orcamentario;qtd_pendentes
UNICAMP - UNIVERSIDADE ESTADUAL DE CAMPINAS;2026;56
USP - UNIVERSIDADE DE SÃO PAULO;2024;1
USP - UNIVERSIDADE DE SÃO PAULO;2025;5
USP - UNIVERSIDADE DE SÃO PAULO;2026;63
CAMPREV - INSTITUTO DE PREVID. SOCIAL DO MUNIC. DE CAMPINAS;2025;30
CAMPREV - INSTITUTO DE PREVID. SOCIAL DO MUNIC. DE CAMPINAS;2026;24
DAEA - DEPARTAMENTO DE ÁGUA E ESGOTO DE ARAÇATUBA;2018;8
DAEA - DEPARTAMENTO DE ÁGUA E ESGOTO DE ARAÇATUBA;2019;20
DAEA - DEPARTAMENTO DE ÁGUA E ESGOTO DE ARAÇATUBA;2020;29
DAEA - DEPARTAMENTO DE ÁGUA E ESGOTO DE ARAÇATUBA;2021;18
DAEA - DEPARTAMENTO DE ÁGUA E ESGOTO DE ARAÇATUBA;2022;32
DAEA - DEPARTAMENTO DE ÁGUA E ESGOTO DE ARAÇATUBA;2023;13
DAEA - DEPARTAMENTO DE ÁGUA E ESGOTO DE ARAÇATUBA;2024;3
DAEA - DEPARTAMENTO DE ÁGUA E ESGOTO DE ARAÇATUBA;2025;15
DAEA - DEPARTAMENTO DE ÁGUA E ESGOTO DE ARAÇATUBA;2026;2
INSTITUTO DE PREVIDÊNCIA MUNICIPAL DE MOGI DAS CRUZES;2023;1
INSTITUTO DE PREVIDÊNCIA MUNICIPAL DE MOGI DAS CRUZES;2024;1
INSTITUTO DE PREVIDÊNCIA MUNICIPAL DE MOGI DAS CRUZES;2025;3
INSTITUTO DE PREVIDÊNCIA MUNICIPAL DE MOGI DAS CRUZES;2026;3
FAZENDA DO ESTADO DE SÃO PAULO, AUTARQUIAS, FUNDAÇÕES E UNIVERSIDADES;2018;2591
FAZENDA DO ESTADO DE SÃO PAULO, AUTARQUIAS, FUNDAÇÕES E UNIVERSIDADES;2019;3421
FAZENDA DO ESTADO DE SÃO PAULO, AUTARQUIAS, FUNDAÇÕES E UNIVERSIDADES;2020;14825
FAZENDA DO ESTADO DE SÃO PAULO, AUTARQUIAS, FUNDAÇÕES E UNIVERSIDADES;2021;15719
FAZENDA DO ESTADO DE SÃO PAULO, AUTARQUIAS, FUNDAÇÕES E UNIVERSIDADES;2022;25271
FAZENDA DO ESTADO DE SÃO PAULO, AUTARQUIAS, FUNDAÇÕES E UNIVERSIDADES;2023;21600
FAZENDA DO ESTADO DE SÃO PAULO, AUTARQUIAS, FUNDAÇÕES E UNIVERSIDADES;2024;29935
FAZENDA DO ESTADO DE SÃO PAULO, AUTARQUIAS, FUNDAÇÕES E UNIVERSIDADES;2025;34260
FAZENDA DO ESTADO DE SÃO PAULO, AUTARQUIAS, FUNDAÇÕES E UNIVERSIDADES;2026;46478
MUNICÍPIO DE ARUJÁ;2020;1
MUNICÍPIO DE ARUJÁ;2025;5
MUNICÍPIO DE ARUJÁ;2026;14
MUNICÍPIO DE BRAGANÇA PAULISTA;2024;7
MUNICÍPIO DE BRAGANÇA PAULISTA;2025;28
MUNICÍPIO DE BRAGANÇA PAULISTA;2026;25
MUNICÍPIO DE GUARULHOS E AUTARQUIAS;2018;31
MUNICÍPIO DE GUARULHOS E AUTARQUIAS;2019;41
MUNICÍPIO DE GUARULHOS E AUTARQUIAS;2020;68
MUNICÍPIO DE GUARULHOS E AUTARQUIAS;2021;102
MUNICÍPIO DE GUARULHOS E AUTARQUIAS;2022;158
MUNICÍPIO DE GUARULHOS E AUTARQUIAS;2023;92
MUNICÍPIO DE GUARULHOS E AUTARQUIAS;2024;122
MUNICÍPIO DE GUARULHOS E AUTARQUIAS;2025;193
MUNICÍPIO DE GUARULHOS E AUTARQUIAS;2026;69
MUNICÍPIO DE SANTO ANDRÉ, FUNDAÇÕES E AUTARQUIAS;2018;88
MUNICÍPIO DE SANTO ANDRÉ, FUNDAÇÕES E AUTARQUIAS;2019;76
MUNICÍPIO DE SANTO ANDRÉ, FUNDAÇÕES E AUTARQUIAS;2020;97
MUNICÍPIO DE SANTO ANDRÉ, FUNDAÇÕES E AUTARQUIAS;2021;115
MUNICÍPIO DE SANTO ANDRÉ, FUNDAÇÕES E AUTARQUIAS;2022;82
MUNICÍPIO DE SANTO ANDRÉ, FUNDAÇÕES E AUTARQUIAS;2023;45
MUNICÍPIO DE SANTO ANDRÉ, FUNDAÇÕES E AUTARQUIAS;2024;95
MUNICÍPIO DE SANTO ANDRÉ, FUNDAÇÕES E AUTARQUIAS;2025;102
MUNICÍPIO DE SANTO ANDRÉ, FUNDAÇÕES E AUTARQUIAS;2026;62
MUNICÍPIO DE SÃO VICENTE E AUTARQUIAS;2018;1
MUNICÍPIO DE SÃO VICENTE E AUTARQUIAS;2019;10
MUNICÍPIO DE SÃO VICENTE E AUTARQUIAS;2020;71
MUNICÍPIO DE SÃO VICENTE E AUTARQUIAS;2021;122
MUNICÍPIO DE SÃO VICENTE E AUTARQUIAS;2022;163
MUNICÍPIO DE SÃO VICENTE E AUTARQUIAS;2023;99
MUNICÍPIO DE SÃO VICENTE E AUTARQUIAS;2024;99
MUNICÍPIO DE SÃO VICENTE E AUTARQUIAS;2025;112
MUNICÍPIO DE SÃO VICENTE E AUTARQUIAS;2026;47
MUNICÍPIO DE SÃO PAULO, AUTARQUIAS E FUNDAÇÕES;2018;650
MUNICÍPIO DE SÃO PAULO, AUTARQUIAS E FUNDAÇÕES;2019;907
MUNICÍPIO DE SÃO PAULO, AUTARQUIAS E FUNDAÇÕES;2020;4243
MUNICÍPIO DE SÃO PAULO, AUTARQUIAS E FUNDAÇÕES;2021;4434
MUNICÍPIO DE SÃO PAULO, AUTARQUIAS E FUNDAÇÕES;2022;5031
MUNICÍPIO DE SÃO PAULO, AUTARQUIAS E FUNDAÇÕES;2023;4266
MUNICÍPIO DE SÃO PAULO, AUTARQUIAS E FUNDAÇÕES;2024;10621
MUNICÍPIO DE SÃO PAULO, AUTARQUIAS E FUNDAÇÕES;2025;19341
MUNICÍPIO DE SÃO PAULO, AUTARQUIAS E FUNDAÇÕES;2026;17385